mask_ratio,num_masked,num_visible,avg_accuracy,std_accuracy,avg_mse,masked_sensors
0.05,3,58,0.9984340047603473,0.00019051347431192623,0.0015659952396526932,"[23, 48, 50]"
0.06,3,58,0.9984196570166387,0.00018140612162934356,0.0015803429833613335,"[23, 48, 50]"
0.07,4,57,0.998343854015693,0.00017963430707187506,0.0016561459843069315,"[23, 47, 48, 50]"
0.08,4,57,0.9983694641198962,0.00019673293999085105,0.0016305358801037074,"[23, 47, 48, 50]"
0.09,5,56,0.9982346431282348,0.00016856025485272234,0.001765356871765107,"[10, 23, 47, 48, 50]"
0.1,6,55,0.9980109891598112,0.00019219176647878322,0.001989010840188712,"[10, 23, 42, 47, 48, 50]"
0.11,6,55,0.9980429911077954,0.00017492210091159675,0.0019570088922046124,"[10, 23, 42, 47, 48, 50]"
0.12,7,54,0.9980740735074505,0.0001488689854260522,0.001925926492549479,"[10, 23, 42, 47, 48, 50, 58]"
0.13,7,54,0.9980840091686696,0.00015973450238530225,0.0019159908313304186,"[10, 23, 42, 47, 48, 50, 58]"
0.14,8,53,0.9974361916678026,0.0002705744383056268,0.002563808332197368,"[4, 10, 23, 42, 47, 48, 50, 58]"
0.15,9,52,0.9973480907967314,0.00022314003939137832,0.0026519092032685878,"[4, 10, 13, 23, 42, 47, 48, 50, 58]"
0.16,9,52,0.9972828045021742,0.00020418356011239232,0.002717195497825742,"[4, 10, 13, 23, 42, 47, 48, 50, 58]"
0.17,10,51,0.9976830380037427,0.00015204163390127425,0.002316961996257305,"[4, 10, 13, 23, 39, 42, 47, 48, 50, 58]"
0.18,10,51,0.9976958282431587,0.00019368747420922484,0.0023041717568412423,"[4, 10, 13, 23, 39, 42, 47, 48, 50, 58]"
0.19,11,50,0.9968117191921919,0.00020577627897697346,0.0031882808078080417,"[0, 4, 10, 13, 23, 39, 42, 47, 48, 50, 58]"
0.2,12,49,0.9963375857518986,0.00019735940886358473,0.0036624142481014132,"[0, 4, 9, 10, 13, 23, 39, 42, 47, 48, 50, 58]"
0.21,12,49,0.996360568376258,0.00017400030853364506,0.0036394316237419845,"[0, 4, 9, 10, 13, 23, 39, 42, 47, 48, 50, 58]"
0.22,13,48,0.9958135999459773,0.00023427540210864807,0.00418640005402267,"[0, 4, 9, 10, 13, 23, 28, 39, 42, 47, 48, 50, 58]"
0.23,14,47,0.9953579904790968,0.00028599681649278934,0.004642009520903229,"[0, 4, 9, 10, 13, 23, 25, 28, 39, 42, 47, 48, 50, 58]"
0.24,14,47,0.9953209509607405,0.0003202626595498469,0.004679049039259553,"[0, 4, 9, 10, 13, 23, 25, 28, 39, 42, 47, 48, 50, 58]"
0.25,15,46,0.9944235023856163,0.000722065940530106,0.005576497614383697,"[0, 4, 9, 10, 13, 23, 25, 28, 39, 40, 42, 47, 48, 50, 58]"
0.26,15,46,0.9946451672539115,0.0007698891615412315,0.005354832746088505,"[0, 4, 9, 10, 13, 23, 25, 28, 39, 40, 42, 47, 48, 50, 58]"
0.27,16,45,0.9949106443999335,0.0007982606807419249,0.005089355600066483,"[0, 2, 4, 9, 10, 13, 23, 25, 28, 39, 40, 42, 47, 48, 50, 58]"
0.28,17,44,0.9952180692693219,0.000646480418324857,0.0047819307306781415,"[0, 2, 4, 9, 10, 13, 18, 23, 25, 28, 39, 40, 42, 47, 48, 50, 58]"
0.29,17,44,0.9953971869451925,0.0005966717252722577,0.004602813054807484,"[0, 2, 4, 9, 10, 13, 18, 23, 25, 28, 39, 40, 42, 47, 48, 50, 58]"
0.3,18,43,0.9952366377552971,0.0006082835378061278,0.004763362244702875,"[0, 2, 4, 9, 10, 13, 14, 18, 23, 25, 28, 39, 40, 42, 47, 48, 50, 58]"
0.31,18,43,0.9952408296614885,0.0004985771804755223,0.004759170338511467,"[0, 2, 4, 9, 10, 13, 14, 18, 23, 25, 28, 39, 40, 42, 47, 48, 50, 58]"
0.32,19,42,0.9950981217902154,0.000800686222665362,0.004901878209784627,"[0, 2, 4, 9, 10, 11, 13, 14, 18, 23, 25, 28, 39, 40, 42, 47, 48, 50, 58]"
0.33,20,41,0.9924834859650582,0.0007309570922554954,0.007516514034941793,"[0, 2, 4, 9, 10, 11, 13, 14, 18, 23, 25, 28, 39, 40, 42, 47, 48, 50, 55, 58]"
0.34,20,41,0.9928886999096721,0.0007434201509257119,0.007111300090327859,"[0, 2, 4, 9, 10, 11, 13, 14, 18, 23, 25, 28, 39, 40, 42, 47, 48, 50, 55, 58]"
0.35,21,40,0.9922771231271327,0.0004796204166074835,0.007722876872867346,"[0, 2, 4, 9, 10, 11, 13, 14, 18, 23, 25, 28, 38, 39, 40, 42, 47, 48, 50, 55, 58]"
0.36,21,40,0.9920988961495459,0.0006774360136638388,0.007901103850454092,"[0, 2, 4, 9, 10, 11, 13, 14, 18, 23, 25, 28, 38, 39, 40, 42, 47, 48, 50, 55, 58]"
0.37,22,39,0.9916519964393228,0.0008695554545161216,0.008348003560677171,"[0, 2, 4, 9, 10, 11, 13, 14, 18, 23, 25, 28, 38, 39, 40, 42, 44, 47, 48, 50, 55, 58]"
0.38,23,38,0.9884450709633529,0.0009237724340677556,0.011554929036647081,"[0, 2, 4, 5, 9, 10, 11, 13, 14, 18, 23, 25, 28, 38, 39, 40, 42, 44, 47, 48, 50, 55, 58]"
0.39,23,38,0.9886103634722531,0.0007663861141260967,0.011389636527746915,"[0, 2, 4, 5, 9, 10, 11, 13, 14, 18, 23, 25, 28, 38, 39, 40, 42, 44, 47, 48, 50, 55, 58]"
0.4,24,37,0.9877050096914172,0.0008126485122002473,0.012294990308582783,"[0, 2, 4, 5, 9, 10, 11, 13, 14, 18, 22, 23, 25, 28, 38, 39, 40, 42, 44, 47, 48, 50, 55, 58]"
0.41,25,36,0.988168209772557,0.0007733875884988194,0.01183179022744298,"[0, 2, 4, 5, 6, 9, 10, 11, 13, 14, 18, 22, 23, 25, 28, 38, 39, 40, 42, 44, 47, 48, 50, 55, 58]"
0.42,25,36,0.9879317580536008,0.000700929509133288,0.012068241946399211,"[0, 2, 4, 5, 6, 9, 10, 11, 13, 14, 18, 22, 23, 25, 28, 38, 39, 40, 42, 44, 47, 48, 50, 55, 58]"
0.43,26,35,0.9876259613409638,0.0007823715667059759,0.01237403865903616,"[0, 1, 2, 4, 5, 6, 9, 10, 11, 13, 14, 18, 22, 23, 25, 28, 38, 39, 40, 42, 44, 47, 48, 50, 55, 58]"
0.44,26,35,0.9874404335021972,0.0007565156209982239,0.012559566497802734,"[0, 1, 2, 4, 5, 6, 9, 10, 11, 13, 14, 18, 22, 23, 25, 28, 38, 39, 40, 42, 44, 47, 48, 50, 55, 58]"
0.45,27,34,0.9867043746076525,0.0009102052227779866,0.013295625392347575,"[0, 1, 2, 4, 5, 6, 9, 10, 11, 13, 14, 18, 22, 23, 25, 28, 38, 39, 40, 42, 44, 47, 48, 50, 55, 57, 58]"
0.46,28,33,0.9864919469878077,0.0007562810247507023,0.01350805301219225,"[0, 1, 2, 4, 5, 6, 9, 10, 11, 13, 14, 18, 22, 23, 25, 28, 38, 39, 40, 41, 42, 44, 47, 48, 50, 55, 57, 58]"
0.47,28,33,0.9864254850521683,0.0008938136758052894,0.01357451494783163,"[0, 1, 2, 4, 5, 6, 9, 10, 11, 13, 14, 18, 22, 23, 25, 28, 38, 39, 40, 41, 42, 44, 47, 48, 50, 55, 57, 58]"
0.48,29,32,0.9826764941960573,0.001076427197660934,0.01732350580394268,"[0, 1, 2, 4, 5, 6, 7, 9, 10, 11, 13, 14, 18, 22, 23, 25, 28, 38, 39, 40, 41, 42, 44, 47, 48, 50, 55, 57, 58]"
0.49,29,32,0.9828060075454413,0.001132006039878215,0.01719399245455861,"[0, 1, 2, 4, 5, 6, 7, 9, 10, 11, 13, 14, 18, 22, 23, 25, 28, 38, 39, 40, 41, 42, 44, 47, 48, 50, 55, 57, 58]"
0.5,30,31,0.9803937555849552,0.0012082061035667121,0.019606244415044785,"[0, 1, 2, 4, 5, 6, 7, 9, 10, 11, 13, 14, 18, 21, 22, 23, 25, 28, 38, 39, 40, 41, 42, 44, 47, 48, 50, 55, 57, 58]"
0.51,31,30,0.9797216020151973,0.0012413582198636027,0.020278397984802722,"[0, 1, 2, 4, 5, 6, 7, 9, 10, 11, 13, 14, 18, 21, 22, 23, 25, 28, 38, 39, 40, 41, 42, 44, 45, 47, 48, 50, 55, 57, 58]"
0.52,31,30,0.9795169908925891,0.0015185354369898043,0.020483009107410906,"[0, 1, 2, 4, 5, 6, 7, 9, 10, 11, 13, 14, 18, 21, 22, 23, 25, 28, 38, 39, 40, 41, 42, 44, 45, 47, 48, 50, 55, 57, 58]"
0.53,32,29,0.9792610589042305,0.0012581226592397702,0.020738941095769407,"[0, 1, 2, 4, 5, 6, 7, 9, 10, 11, 13, 14, 18, 21, 22, 23, 25, 28, 38, 39, 40, 41, 42, 44, 45, 47, 48, 50, 54, 55, 57, 58]"
0.54,32,29,0.9795556182786822,0.0011923308934391865,0.020444381721317767,"[0, 1, 2, 4, 5, 6, 7, 9, 10, 11, 13, 14, 18, 21, 22, 23, 25, 28, 38, 39, 40, 41, 42, 44, 45, 47, 48, 50, 54, 55, 57, 58]"
0.55,33,28,0.979465141966939,0.0009928498427946607,0.02053485803306103,"[0, 1, 2, 4, 5, 6, 7, 9, 10, 11, 13, 14, 18, 21, 22, 23, 25, 28, 37, 38, 39, 40, 41, 42, 44, 45, 47, 48, 50, 54, 55, 57, 58]"
0.56,34,27,0.978478285856545,0.0013656791557113716,0.02152171414345503,"[0, 1, 2, 4, 5, 6, 7, 9, 10, 11, 13, 14, 18, 21, 22, 23, 25, 28, 37, 38, 39, 40, 41, 42, 44, 45, 46, 47, 48, 50, 54, 55, 57, 58]"
0.57,34,27,0.9787382456287742,0.0012554018769049256,0.021261754371225836,"[0, 1, 2, 4, 5, 6, 7, 9, 10, 11, 13, 14, 18, 21, 22, 23, 25, 28, 37, 38, 39, 40, 41, 42, 44, 45, 46, 47, 48, 50, 54, 55, 57, 58]"
0.58,35,26,0.9790206399932504,0.0013682562561772,0.02097936000674963,"[0, 1, 2, 4, 5, 6, 7, 8, 9, 10, 11, 13, 14, 18, 21, 22, 23, 25, 28, 37, 38, 39, 40, 41, 42, 44, 45, 46, 47, 48, 50, 54, 55, 57, 58]"
0.59,35,26,0.9788865534216166,0.0012473146728347558,0.021113446578383446,"[0, 1, 2, 4, 5, 6, 7, 8, 9, 10, 11, 13, 14, 18, 21, 22, 23, 25, 28, 37, 38, 39, 40, 41, 42, 44, 45, 46, 47, 48, 50, 54, 55, 57, 58]"
0.6,36,25,0.9781996480375529,0.001355234526249357,0.021800351962447166,"[0, 1, 2, 4, 5, 6, 7, 8, 9, 10, 11, 13, 14, 18, 21, 22, 23, 25, 28, 37, 38, 39, 40, 41, 42, 43, 44, 45, 46, 47, 48, 50, 54, 55, 57, 58]"
0.61,37,24,0.9785936123877764,0.0012704279124306761,0.021406387612223625,"[0, 1, 2, 4, 5, 6, 7, 8, 9, 10, 11, 13, 14, 17, 18, 21, 22, 23, 25, 28, 37, 38, 39, 40, 41, 42, 43, 44, 45, 46, 47, 48, 50, 54, 55, 57, 58]"
0.62,37,24,0.9787725854292512,0.0013787159719091122,0.021227414570748806,"[0, 1, 2, 4, 5, 6, 7, 8, 9, 10, 11, 13, 14, 17, 18, 21, 22, 23, 25, 28, 37, 38, 39, 40, 41, 42, 43, 44, 45, 46, 47, 48, 50, 54, 55, 57, 58]"
0.63,38,23,0.929638145416975,0.011413730324161993,0.07036185458302498,"[0, 1, 2, 4, 5, 6, 7, 8, 9, 10, 11, 12, 13, 14, 17, 18, 21, 22, 23, 25, 28, 37, 38, 39, 40, 41, 42, 43, 44, 45, 46, 47, 48, 50, 54, 55, 57, 58]"
0.64,39,22,0.9126731905341149,0.015919211331543566,0.08732680946588517,"[0, 1, 2, 4, 5, 6, 7, 8, 9, 10, 11, 12, 13, 14, 17, 18, 21, 22, 23, 25, 28, 37, 38, 39, 40, 41, 42, 43, 44, 45, 46, 47, 48, 50, 52, 54, 55, 57, 58]"
0.65,39,22,0.915460888594389,0.01528402623855915,0.08453911140561104,"[0, 1, 2, 4, 5, 6, 7, 8, 9, 10, 11, 12, 13, 14, 17, 18, 21, 22, 23, 25, 28, 37, 38, 39, 40, 41, 42, 43, 44, 45, 46, 47, 48, 50, 52, 54, 55, 57, 58]"
0.66,40,21,0.873097685277462,0.014851176276102128,0.126902314722538,"[0, 1, 2, 4, 5, 6, 7, 8, 9, 10, 11, 12, 13, 14, 17, 18, 21, 22, 23, 24, 25, 28, 37, 38, 39, 40, 41, 42, 43, 44, 45, 46, 47, 48, 50, 52, 54, 55, 57, 58]"
0.67,40,21,0.8735403524339199,0.02100504994667801,0.12645964756608008,"[0, 1, 2, 4, 5, 6, 7, 8, 9, 10, 11, 12, 13, 14, 17, 18, 21, 22, 23, 24, 25, 28, 37, 38, 39, 40, 41, 42, 43, 44, 45, 46, 47, 48, 50, 52, 54, 55, 57, 58]"
0.68,41,20,0.8433280542492867,0.02050705691466892,0.15667194575071336,"[0, 1, 2, 4, 5, 6, 7, 8, 9, 10, 11, 12, 13, 14, 17, 18, 21, 22, 23, 24, 25, 28, 37, 38, 39, 40, 41, 42, 43, 44, 45, 46, 47, 48, 49, 50, 52, 54, 55, 57, 58]"
0.69,42,19,0.807102523446083,0.025075290339263284,0.19289747655391692,"[0, 1, 2, 4, 5, 6, 7, 8, 9, 10, 11, 12, 13, 14, 17, 18, 21, 22, 23, 24, 25, 28, 33, 37, 38, 39, 40, 41, 42, 43, 44, 45, 46, 47, 48, 49, 50, 52, 54, 55, 57, 58]"
0.7,42,19,0.801365438401699,0.030162835806643674,0.19863456159830092,"[0, 1, 2, 4, 5, 6, 7, 8, 9, 10, 11, 12, 13, 14, 17, 18, 21, 22, 23, 24, 25, 28, 33, 37, 38, 39, 40, 41, 42, 43, 44, 45, 46, 47, 48, 49, 50, 52, 54, 55, 57, 58]"
0.71,43,18,0.6243125569820404,0.0382469183061865,0.3756874430179596,"[0, 1, 2, 4, 5, 6, 7, 8, 9, 10, 11, 12, 13, 14, 17, 18, 21, 22, 23, 24, 25, 28, 33, 37, 38, 39, 40, 41, 42, 43, 44, 45, 46, 47, 48, 49, 50, 52, 54, 55, 56, 57, 58]"
0.72,43,18,0.6291559249162674,0.034429232568360515,0.3708440750837326,"[0, 1, 2, 4, 5, 6, 7, 8, 9, 10, 11, 12, 13, 14, 17, 18, 21, 22, 23, 24, 25, 28, 33, 37, 38, 39, 40, 41, 42, 43, 44, 45, 46, 47, 48, 49, 50, 52, 54, 55, 56, 57, 58]"
0.73,44,17,0.6282768368721008,0.031314224254135936,0.37172316312789916,"[0, 1, 2, 4, 5, 6, 7, 8, 9, 10, 11, 12, 13, 14, 17, 18, 21, 22, 23, 24, 25, 28, 32, 33, 37, 38, 39, 40, 41, 42, 43, 44, 45, 46, 47, 48, 49, 50, 52, 54, 55, 56, 57, 58]"
0.74,45,16,0.6183758109807969,0.0374420832457064,0.3816241890192032,"[0, 1, 2, 3, 4, 5, 6, 7, 8, 9, 10, 11, 12, 13, 14, 17, 18, 21, 22, 23, 24, 25, 28, 32, 33, 37, 38, 39, 40, 41, 42, 43, 44, 45, 46, 47, 48, 49, 50, 52, 54, 55, 56, 57, 58]"
0.75,45,16,0.6145647674798965,0.04168949788434548,0.3854352325201035,"[0, 1, 2, 3, 4, 5, 6, 7, 8, 9, 10, 11, 12, 13, 14, 17, 18, 21, 22, 23, 24, 25, 28, 32, 33, 37, 38, 39, 40, 41, 42, 43, 44, 45, 46, 47, 48, 49, 50, 52, 54, 55, 56, 57, 58]"
0.76,46,15,0.6473527306318283,0.038121729576076166,0.3526472693681717,"[0, 1, 2, 3, 4, 5, 6, 7, 8, 9, 10, 11, 12, 13, 14, 17, 18, 21, 22, 23, 24, 25, 28, 31, 32, 33, 37, 38, 39, 40, 41, 42, 43, 44, 45, 46, 47, 48, 49, 50, 52, 54, 55, 56, 57, 58]"
0.77,46,15,0.6399853605031968,0.04539999257358171,0.3600146394968033,"[0, 1, 2, 3, 4, 5, 6, 7, 8, 9, 10, 11, 12, 13, 14, 17, 18, 21, 22, 23, 24, 25, 28, 31, 32, 33, 37, 38, 39, 40, 41, 42, 43, 44, 45, 46, 47, 48, 49, 50, 52, 54, 55, 56, 57, 58]"
0.78,47,14,0.6334230923652648,0.0518042850391737,0.3665769076347351,"[0, 1, 2, 3, 4, 5, 6, 7, 8, 9, 10, 11, 12, 13, 14, 15, 17, 18, 21, 22, 23, 24, 25, 28, 31, 32, 33, 37, 38, 39, 40, 41, 42, 43, 44, 45, 46, 47, 48, 49, 50, 52, 54, 55, 56, 57, 58]"
0.79,48,13,0.2712884271144867,0.07431679646161156,0.7287115728855134,"[0, 1, 2, 3, 4, 5, 6, 7, 8, 9, 10, 11, 12, 13, 14, 15, 17, 18, 21, 22, 23, 24, 25, 28, 31, 32, 33, 37, 38, 39, 40, 41, 42, 43, 44, 45, 46, 47, 48, 49, 50, 52, 53, 54, 55, 56, 57, 58]"
0.8,48,13,0.2942212688922882,0.07750417267814486,0.7057787311077118,"[0, 1, 2, 3, 4, 5, 6, 7, 8, 9, 10, 11, 12, 13, 14, 15, 17, 18, 21, 22, 23, 24, 25, 28, 31, 32, 33, 37, 38, 39, 40, 41, 42, 43, 44, 45, 46, 47, 48, 49, 50, 52, 53, 54, 55, 56, 57, 58]"
0.81,49,12,0.05696112036705017,0.10170305817731497,0.9430388796329499,"[0, 1, 2, 3, 4, 5, 6, 7, 8, 9, 10, 11, 12, 13, 14, 15, 17, 18, 21, 22, 23, 24, 25, 28, 31, 32, 33, 37, 38, 39, 40, 41, 42, 43, 44, 45, 46, 47, 48, 49, 50, 51, 52, 53, 54, 55, 56, 57, 58]"
0.82,50,11,-0.05901529550552368,0.12357433533365834,1.0590152955055236,"[0, 1, 2, 3, 4, 5, 6, 7, 8, 9, 10, 11, 12, 13, 14, 15, 17, 18, 20, 21, 22, 23, 24, 25, 28, 31, 32, 33, 37, 38, 39, 40, 41, 42, 43, 44, 45, 46, 47, 48, 49, 50, 51, 52, 53, 54, 55, 56, 57, 58]"
0.83,50,11,-0.07388930678367615,0.12129658350798861,1.0738893067836761,"[0, 1, 2, 3, 4, 5, 6, 7, 8, 9, 10, 11, 12, 13, 14, 15, 17, 18, 20, 21, 22, 23, 24, 25, 28, 31, 32, 33, 37, 38, 39, 40, 41, 42, 43, 44, 45, 46, 47, 48, 49, 50, 51, 52, 53, 54, 55, 56, 57, 58]"
0.84,51,10,0.08970383882522583,0.08055063152472759,0.9102961611747742,"[0, 1, 2, 3, 4, 5, 6, 7, 8, 9, 10, 11, 12, 13, 14, 15, 17, 18, 20, 21, 22, 23, 24, 25, 28, 31, 32, 33, 34, 37, 38, 39, 40, 41, 42, 43, 44, 45, 46, 47, 48, 49, 50, 51, 52, 53, 54, 55, 56, 57, 58]"
0.85,51,10,0.11981471061706543,0.0923796437819398,0.8801852893829346,"[0, 1, 2, 3, 4, 5, 6, 7, 8, 9, 10, 11, 12, 13, 14, 15, 17, 18, 20, 21, 22, 23, 24, 25, 28, 31, 32, 33, 34, 37, 38, 39, 40, 41, 42, 43, 44, 45, 46, 47, 48, 49, 50, 51, 52, 53, 54, 55, 56, 57, 58]"
0.86,52,9,-0.0008599257469177246,0.09843340495458378,1.0008599257469177,"[0, 1, 2, 3, 4, 5, 6, 7, 8, 9, 10, 11, 12, 13, 14, 15, 17, 18, 19, 20, 21, 22, 23, 24, 25, 28, 31, 32, 33, 34, 37, 38, 39, 40, 41, 42, 43, 44, 45, 46, 47, 48, 49, 50, 51, 52, 53, 54, 55, 56, 57, 58]"
0.87,53,8,-0.44826761722564695,0.13991760060451536,1.448267617225647,"[0, 1, 2, 3, 4, 5, 6, 7, 8, 9, 10, 11, 12, 13, 14, 15, 17, 18, 19, 20, 21, 22, 23, 24, 25, 28, 31, 32, 33, 34, 36, 37, 38, 39, 40, 41, 42, 43, 44, 45, 46, 47, 48, 49, 50, 51, 52, 53, 54, 55, 56, 57, 58]"
0.88,53,8,-0.4349922966957092,0.15694311003665154,1.4349922966957092,"[0, 1, 2, 3, 4, 5, 6, 7, 8, 9, 10, 11, 12, 13, 14, 15, 17, 18, 19, 20, 21, 22, 23, 24, 25, 28, 31, 32, 33, 34, 36, 37, 38, 39, 40, 41, 42, 43, 44, 45, 46, 47, 48, 49, 50, 51, 52, 53, 54, 55, 56, 57, 58]"
0.89,54,7,-0.05470191836357117,0.05654010263305855,1.054701918363571,"[0, 1, 2, 3, 4, 5, 6, 7, 8, 9, 10, 11, 12, 13, 14, 15, 17, 18, 19, 20, 21, 22, 23, 24, 25, 28, 31, 32, 33, 34, 35, 36, 37, 38, 39, 40, 41, 42, 43, 44, 45, 46, 47, 48, 49, 50, 51, 52, 53, 54, 55, 56, 57, 58]"
0.9,54,7,-0.028469610214233398,0.05597958499041877,1.0284696102142334,"[0, 1, 2, 3, 4, 5, 6, 7, 8, 9, 10, 11, 12, 13, 14, 15, 17, 18, 19, 20, 21, 22, 23, 24, 25, 28, 31, 32, 33, 34, 35, 36, 37, 38, 39, 40, 41, 42, 43, 44, 45, 46, 47, 48, 49, 50, 51, 52, 53, 54, 55, 56, 57, 58]"
0.91,55,6,-0.5128391671180725,0.06675673770417201,1.5128391671180725,"[0, 1, 2, 3, 4, 5, 6, 7, 8, 9, 10, 11, 12, 13, 14, 15, 17, 18, 19, 20, 21, 22, 23, 24, 25, 28, 31, 32, 33, 34, 35, 36, 37, 38, 39, 40, 41, 42, 43, 44, 45, 46, 47, 48, 49, 50, 51, 52, 53, 54, 55, 56, 57, 58, 59]"
0.92,56,5,-1.2889140892028808,0.0789366898709916,2.2889140892028808,"[0, 1, 2, 3, 4, 5, 6, 7, 8, 9, 10, 11, 12, 13, 14, 15, 17, 18, 19, 20, 21, 22, 23, 24, 25, 28, 31, 32, 33, 34, 35, 36, 37, 38, 39, 40, 41, 42, 43, 44, 45, 46, 47, 48, 49, 50, 51, 52, 53, 54, 55, 56, 57, 58, 59, 60]"
0.93,56,5,-1.2696603775024413,0.08572709370899305,2.2696603775024413,"[0, 1, 2, 3, 4, 5, 6, 7, 8, 9, 10, 11, 12, 13, 14, 15, 17, 18, 19, 20, 21, 22, 23, 24, 25, 28, 31, 32, 33, 34, 35, 36, 37, 38, 39, 40, 41, 42, 43, 44, 45, 46, 47, 48, 49, 50, 51, 52, 53, 54, 55, 56, 57, 58, 59, 60]"
0.94,57,4,-3.3358902645111086,0.05912091212330096,4.335890264511108,"[0, 1, 2, 3, 4, 5, 6, 7, 8, 9, 10, 11, 12, 13, 14, 15, 17, 18, 19, 20, 21, 22, 23, 24, 25, 26, 28, 31, 32, 33, 34, 35, 36, 37, 38, 39, 40, 41, 42, 43, 44, 45, 46, 47, 48, 49, 50, 51, 52, 53, 54, 55, 56, 57, 58, 59, 60]"
0.95,57,4,-3.349820947647095,0.060469442388617005,4.349820947647094,"[0, 1, 2, 3, 4, 5, 6, 7, 8, 9, 10, 11, 12, 13, 14, 15, 17, 18, 19, 20, 21, 22, 23, 24, 25, 26, 28, 31, 32, 33, 34, 35, 36, 37, 38, 39, 40, 41, 42, 43, 44, 45, 46, 47, 48, 49, 50, 51, 52, 53, 54, 55, 56, 57, 58, 59, 60]"
