cluster,target_sensor,target_sensor_id,cluster_size,num_mates_visible,total_visible,avg_mse_intra,std_mse_intra,avg_acc_intra,std_acc_intra,avg_1mse_intra,avg_mse_inter,std_mse_inter,avg_acc_inter,std_acc_inter,avg_1mse_inter,mse_reduction_pct,acc_delta
Cluster_0,S33,33,6,5,18,0.024694074373692275,0.01431417389338047,0.9949055892694741,0.001362258677559563,0.9753059256263077,0.034938082974404094,0.03132950088386702,0.9944726377562619,0.0026176485974620483,0.9650619170255959,29.32046476337013,0.0004329515132122097
Cluster_0,S34,34,6,5,18,0.047504641264677044,0.010674943266962372,0.9986431998899207,0.00015917176844981973,0.952495358735323,0.5943082025647164,0.2627634605765157,0.9953915535612032,0.0010669374063199152,0.4056917974352836,92.00673287366055,0.003251646328717439
Cluster_0,S35,35,6,5,18,0.04727397456765175,0.013532398213727656,0.9986617566668429,0.0002119869553426292,0.9527260254323483,0.6872333920001984,0.326954038758407,0.9950553880864754,0.0011918904860959145,0.3127666079998016,93.12111779649246,0.0036063685803674472
Cluster_0,S38,38,6,5,18,0.016657809568569062,0.009472674131001384,0.9984620964061469,0.00042218415274138983,0.9833421904314309,0.027666712356731297,0.02031768078056321,0.9981538816960529,0.000649609256192494,0.9723332876432687,39.791147745721574,0.00030821471009401247
Cluster_0,S46,46,6,5,18,0.0031998604733962568,0.0016561406511024985,0.9934357410529628,0.001733951324803307,0.9968001395266037,0.003107306114397943,0.0011665055661136505,0.9933652075286955,0.0014458985690549047,0.9968926938856021,-2.978603517156575,7.05335242673355e-05
Cluster_0,S51,51,6,5,18,0.08424050144851208,0.02224196719123902,0.864321264475584,0.018950089551703717,0.9157594985514879,0.190217077806592,0.1561683507498786,0.8086282275617123,0.06202284045917634,0.809782922193408,55.71349167118388,0.05569303691387173
Cluster_1,S2,2,6,5,18,0.029762819713214414,0.09179811446114884,0.9426662652753294,0.0690826477212027,0.9702371802867856,0.00667587089817971,0.02827998387257435,0.9686031267791987,0.03253914099178152,0.9933241291018203,-345.8267199724092,-0.025936861503869313
Cluster_1,S6,6,6,5,18,0.00441240651300177,0.001565665711235577,0.9918323789257556,0.00160248594671349,0.9955875934869982,0.004207292697392404,0.001645851760598464,0.9920990397734567,0.0018279145976062535,0.9957927073026076,-4.875196037217267,-0.00026666084770110565
Cluster_1,S16,16,6,5,18,0.693606842160225,0.3382703513356857,0.8805243148654699,0.03299760925249409,0.30639315783977505,0.6740991947054863,0.33461367549784554,0.8848903051018715,0.034119966522598646,0.3259008052945137,-2.893883805086386,-0.004365990236401607
Cluster_1,S18,18,6,5,18,0.0026462897239252926,0.0007645316993902925,-48.75024551391601,7.502471016414287,0.9973537102760747,0.0028557924611959606,0.0011093390601404367,-49.8310725402832,10.195685453377218,0.9971442075388041,7.3360605420999745,1.0808270263671886
Cluster_1,S25,25,6,5,18,0.007273109988309443,0.0027951028826950393,0.999446801218437,0.0001135896432843363,0.9927268900116906,0.008659056881442665,0.0034934257620199013,0.99939641417237,0.00013197086293129928,0.9913409431185574,16.005746954336253,5.0387046066968644e-05
Cluster_1,S43,43,6,5,18,0.003346407301723957,0.0012229768475942985,0.9930019388953224,0.0014309254535088572,0.996653592698276,0.005183981088921427,0.00181469138081596,0.9912132256198675,0.0017091305705850244,0.9948160189110786,35.44714768834769,0.001788713275454934
Cluster_2,S8,8,4,3,18,0.00849114785436541,0.01206675972530298,0.9951900916639715,0.0021307338717647087,0.9915088521456346,0.017776546245440842,0.03197220520102749,0.9936948699876667,0.0038491423450788672,0.9822234537545591,52.23398145248292,0.001495221676304892
Cluster_2,S12,12,4,3,18,0.019464507533703,0.06906785991009523,0.9887547224154696,0.01231288759751046,0.980535492466297,0.010898630302399397,0.027707108539348112,0.9876521237334237,0.009155018282925418,0.9891013696976007,-78.59589882096274,0.0011025986820458744
Cluster_2,S30,30,4,3,18,0.6454302418231964,0.17802017795494776,0.9998413353954675,2.2234892053723953e-05,0.3545697581768036,0.7501262646913528,0.24805673528907726,0.9998295706704085,2.9220132478934244e-05,0.2498737353086472,13.957119975216898,1.1764725059038028e-05
Cluster_2,S52,52,4,3,18,0.04705620218068361,0.05929326537030726,0.9628358120471239,0.01595994659925472,0.9529437978193164,0.03803825885057449,0.04639397891494293,0.9668481430411339,0.011682337641829582,0.9619617411494255,-23.707560139539147,-0.004012330994009994
Cluster_3,S15,15,4,3,18,0.035183278061449524,0.007587906031619388,0.9988743905595038,0.00011294844228252858,0.9648167219385505,0.12752130262553693,0.06553419321437036,0.9978512562299148,0.0006224905034982117,0.872478697374463,72.40988128166856,0.0010231343295890039
Cluster_3,S31,31,4,3,18,0.04183255344629288,0.008502867456807197,0.9987045227969066,0.00014328541348628703,0.9581674465537071,0.10488322265446186,0.06712538708542792,0.9979795017838478,0.0006797158014885325,0.8951167773455382,60.115113753453684,0.0007250210130588242
Cluster_3,S49,49,4,3,18,0.005938318581320346,0.0014488487235575405,0.9904741952382028,0.0012575819255704118,0.9940616814186797,0.005705198892392218,0.001742863321280529,0.9906773170083761,0.0015808785680513679,0.9942948011076078,-4.086091518703639,-0.00020312177017334232
Cluster_3,S57,57,4,3,18,0.025312425876036285,0.0685185977055131,0.9859795681852848,0.012808916377572845,0.9746875741239637,0.003959638208034449,0.005798229561373398,0.9917663496965542,0.004347302698392051,0.9960403617919655,-539.2609413674658,-0.005786781511269434
Cluster_4,S1,1,6,5,18,0.019458308429457248,0.010830006726802838,0.9913424807274714,0.002239233492217332,0.9805416915705427,0.03255694268271327,0.037796220607193474,0.9895643965061754,0.004411676391192901,0.9674430573172867,40.232997239882174,0.0017780842212959946
Cluster_4,S10,10,6,5,18,0.0044292921340093015,0.00795165604458107,0.9907621691701933,0.0046617973988401454,0.9955707078659907,0.0038622459885664286,0.005292271969824178,0.9905005078809336,0.004865166710837377,0.9961377540114336,-14.681768077534226,0.0002616612892597514
Cluster_4,S21,21,6,5,18,0.006051414897665381,0.003628536788321581,0.9239946281164885,0.018915123117462823,0.9939485851023346,0.03970008336473256,0.13504166886710556,0.8753841215372086,0.1517477324256673,0.9602999166352675,84.75717118868107,0.0486105065792799
Cluster_4,S26,26,6,5,18,0.5143027284741402,0.20767181395656426,0.9947066840110347,0.0015555717558093922,0.48569727152585984,0.5051287677884102,0.17836214152834368,0.9946732464293018,0.0013886694707957836,0.4948712322115898,-1.8161627791927981,3.3437581732909116e-05
Cluster_4,S36,36,6,5,18,0.49619141072034834,0.2277128862373659,0.9746805145964026,0.006304456918857397,0.5038085892796517,0.6223103442788124,0.3684478987861132,0.971770814023912,0.008293454322410326,0.3776896557211876,20.266244087901068,0.0029097005724906255
Cluster_4,S54,54,6,5,18,0.025214871698990463,0.01914632503484438,0.995685135491658,0.0017130030664556134,0.9747851283010095,0.033373649436980485,0.024995942170152184,0.9948732297029346,0.0021651896661284272,0.9666263505630195,24.4467645317861,0.0008119057887234771
Cluster_5,S5,5,3,2,18,0.09168757855892182,0.013914343425479868,0.5042969006299972,0.04325368366066143,0.9083124214410782,0.0879625515639782,0.013998977826207265,0.5172669303417206,0.044743964834102076,0.9120374484360219,-4.234787288868498,-0.012970029711723341
Cluster_5,S44,44,3,2,18,0.027662623589858413,0.012112921987007839,0.9801363274827599,0.005353390681312547,0.9723373764101416,0.02883119836449623,0.011827232326967191,0.9796533743478357,0.005146151497589971,0.9711688016355038,4.053160466424586,0.0004829531349241911
Cluster_5,S55,55,3,2,18,0.067458729557693,0.10508153709340544,0.9531926370412112,0.02348425352360406,0.9325412704423071,0.06318090148270131,0.08841424399469261,0.9545438297465444,0.021780173637216103,0.9368190985172987,-6.770761269456295,-0.0013511927053332373
Cluster_6,S4,4,6,5,18,0.02682289662770927,0.06019271531820001,0.9810156806092709,0.014448330134328814,0.9731771033722907,0.033716213423758745,0.07213245306013168,0.9816819600574672,0.015471871438276216,0.9662837865762413,20.445109019095497,-0.0006662794481963052
Cluster_6,S32,32,6,5,18,0.11869074761867524,0.06885719055048055,0.9978367138793692,0.0006997231860576245,0.8813092523813247,0.09776454299688339,0.06808098866422552,0.9981262959074229,0.0006426879554023169,0.9022354570031166,-21.40469721053365,-0.00028958202805362543
Cluster_6,S40,40,6,5,18,0.04989998122677207,0.0719165620893651,0.9468281042575836,0.030046504867178477,0.9501000187732279,0.0358368456363678,0.028971522274719705,0.9499481059983372,0.01809248927713518,0.9641631543636322,-39.242112268139074,-0.003120001740753664
Cluster_6,S47,47,6,5,18,0.003974703713320196,0.0014518610675589379,0.9925242718402296,0.0015359421150860848,0.9960252962866798,0.0033014787011779846,0.001330493891481595,0.9933010635012761,0.0015163799059773216,0.996698521298822,-20.391614460085915,-0.0007767916610464942
Cluster_6,S58,58,6,5,18,0.0024237966537475585,0.0018498359163474953,0.9929147651279345,0.002633902211444388,0.9975762033462524,0.004318270271178335,0.006663643944289898,0.9912219397304579,0.003977690320608687,0.9956817297288216,43.871111805206894,0.001692825397476616
Cluster_6,S59,59,6,5,18,0.38830977499485014,0.27053893367697374,0.953845354244113,0.013742118135716592,0.6116902250051499,0.3183860097825527,0.19789809284567952,0.9554461656138301,0.010872330709199341,0.6816139902174473,-21.961946456263455,-0.0016008113697171256
Cluster_7,S0,0,3,2,18,0.014037300711497664,0.011447296106953291,0.9585619131475687,0.020195723541976608,0.9859626992885023,0.04975585460197181,0.10190640307201956,0.9398236700892448,0.04477758738207973,0.9502441453980282,71.78763877805497,0.018738243058323834
Cluster_7,S7,7,3,2,18,0.16297890455462039,0.12224307486345666,0.8996514644846321,0.05318386902892644,0.8370210954453796,0.28924134708940985,0.2765304567293911,0.8659919673576951,0.08136649981867072,0.7107586529105901,43.65297125352887,0.033659497126936944
Cluster_7,S13,13,3,2,18,0.005182591652264819,0.01378112065027964,0.9919015091005713,0.005784720051256798,0.9948174083477351,0.011492501830216497,0.025211480471489585,0.9889315618295222,0.008057444034745441,0.9885074981697834,54.904577977230836,0.002969947271049045
Cluster_8,S22,22,3,2,18,0.07308907307684422,0.0643524863166988,0.8983253389596939,0.03965451375061174,0.9269109269231558,0.0764747148193419,0.08088745591109163,0.9009887876361609,0.050070314831926734,0.9235252851806581,4.4271387035888665,-0.0026634486764669507
Cluster_8,S24,24,3,2,18,0.16052053801715374,0.07903314657741316,0.8366275765001774,0.03924373365036644,0.8394794619828463,0.1610391538590193,0.09490714721579083,0.8388259761035443,0.046939146298171947,0.8389608461409808,0.3220433206567487,-0.002198399603366874
Cluster_8,S48,48,3,2,18,0.0037470126803964376,0.0015062914754651114,0.9928254116605967,0.0016498113731562294,0.9962529873196035,0.003887578296707943,0.0016957903550996088,0.9927293293736875,0.0018744753221031445,0.9961124217032921,3.6157620355303957,9.608228690916043e-05
Cluster_9,S3,3,5,4,18,0.012438852414488792,0.0071804411239817685,0.9858971892297268,0.004001006962373049,0.9875611475855112,0.015335197458043695,0.014174803057782792,0.9850996945612133,0.005588019547348637,0.9846648025419563,18.88690942917467,0.000797494668513532
Cluster_9,S23,23,5,4,18,0.0024627968890126796,0.0010776039408279929,-45.827998390197756,11.291422585713912,0.9975372031109874,0.0032454460323788226,0.001006550331254162,-53.68657745361328,9.230237184055579,0.9967545539676211,24.11529553734491,7.858579063415526
Cluster_9,S37,37,5,4,18,0.0029603165993466974,0.0011015556423985566,-51.254683837890624,9.834114037346728,0.9970396834006533,0.0028370679030194877,0.0009426089356569464,-49.76638439178467,9.338007926332878,0.9971629320969805,-4.344226401975516,-1.4882994461059553
Cluster_9,S50,50,5,4,18,0.005963762416504323,0.001910028363011876,0.9904547910019755,0.0016773089669238996,0.9940362375834957,0.004402437899261713,0.001991473153796447,0.9920007762731984,0.002040520719622116,0.9955975621007382,-35.46499004232502,-0.0015459852712228495
Cluster_9,S56,56,5,4,18,0.08057587498798967,0.2115073251889503,0.9548601427674294,0.04131315447811097,0.9194241250120103,0.04470157485455275,0.05516025780103222,0.9638228008896113,0.01141056240022785,0.9552984251454473,-80.25287576026966,-0.008962658122181888
Cluster_10,S28,28,2,1,18,0.021458526886999608,0.010153945318784564,0.9996758101898012,8.043492525676602e-05,0.9785414731130004,0.02287868605926633,0.010429016607906077,0.9996584542712662,6.867617301882994e-05,0.9771213139407336,6.207345590189929,1.7355918535022496e-05
Cluster_10,S45,45,2,1,18,0.003328895507147536,0.001550961082895146,0.9931148426793516,0.001817759204809099,0.9966711044928525,0.0035784436634276064,0.0014016223791268624,0.9927998161688447,0.0016280969446864726,0.9964215563365724,6.97364860299506,0.00031502651050685504
Cluster_11,S9,9,4,3,18,0.03096809427253902,0.0646100391176855,0.9889657900854946,0.007000850065479724,0.969031905727461,0.04754578903317452,0.1415305627983622,0.987784021422267,0.010600709034781103,0.9524542109668255,34.86679840437735,0.0011817686632276114
Cluster_11,S11,11,4,3,18,0.006638785756658763,0.007682965274469771,0.9873465594276786,0.005712969013354268,0.9933612142433412,0.005580392880365253,0.005501967259071566,0.9881689863372594,0.0041261439057874785,0.9944196071196347,-18.96627548133278,-0.0008224269095807868
Cluster_11,S42,42,4,3,18,0.004022606230573728,0.0016684276420381669,0.9922590270242654,0.0019123171617278847,0.9959773937694263,0.004290560539811849,0.001491806262339239,0.9919694075640291,0.001592583645289514,0.9957094394601882,6.245203728038627,0.00028961946023631224
Cluster_11,S53,53,4,3,18,0.13332583680748938,0.13707817638003472,0.9320635767281056,0.035780921199048896,0.8666741631925106,0.10375576838850975,0.061483091959580204,0.942785438671708,0.019063599817655177,0.8962442316114902,-28.499685938673515,-0.010721861943602473
Cluster_12,S14,14,4,3,18,0.00487309480085969,0.0017817624654845941,0.9914304416347295,0.0017110900270876377,0.9951269051991403,0.00422334456583485,0.0015472143458117019,0.9920890228264034,0.0017159784643604832,0.9957766554341652,-15.384728170980264,-0.0006585811916739459
Cluster_12,S17,17,4,3,18,0.002986095028463751,0.0009399917847724891,-50.994659423828125,7.866429762437331,0.9970139049715363,0.0031819828390143813,0.0014581569715898164,-52.43723075866699,11.342493704851593,0.9968180171609856,6.1561535338063305,1.442571334838867
Cluster_12,S39,39,4,3,18,0.0026245126326102765,0.001188539876120756,-47.7593989944458,11.482735780077597,0.9973754873673897,0.003077764876652509,0.0010272867119855182,-52.30905731201172,9.792019846832135,0.9969222351233475,14.726664152089642,4.549658317565914
Cluster_12,S41,41,4,3,18,0.014965129413176327,0.04484249497602362,0.9554922471567988,0.02638374914176875,0.9850348705868237,0.011783352461643517,0.02471920599235833,0.9572598627582193,0.02413249303914566,0.9882166475383565,-27.00230424123272,-0.0017676156014204691
